-- --------------------------------------------------------
-- Host:                         127.0.0.1
-- Server version:               10.4.28-MariaDB - mariadb.org binary distribution
-- Server OS:                    Win64
-- HeidiSQL Version:             12.5.0.6677
-- --------------------------------------------------------

/*!40101 SET @OLD_CHARACTER_SET_CLIENT=@@CHARACTER_SET_CLIENT */;
/*!40101 SET NAMES utf8 */;
/*!50503 SET NAMES utf8mb4 */;
/*!40103 SET @OLD_TIME_ZONE=@@TIME_ZONE */;
/*!40103 SET TIME_ZONE='+00:00' */;
/*!40014 SET @OLD_FOREIGN_KEY_CHECKS=@@FOREIGN_KEY_CHECKS, FOREIGN_KEY_CHECKS=0 */;
/*!40101 SET @OLD_SQL_MODE=@@SQL_MODE, SQL_MODE='NO_AUTO_VALUE_ON_ZERO' */;
/*!40111 SET @OLD_SQL_NOTES=@@SQL_NOTES, SQL_NOTES=0 */;

-- Dumping data for table sgv.associacao: 3 rows
DELETE FROM `associacao`;
/*!40000 ALTER TABLE `associacao` DISABLE KEYS */;
INSERT INTO `associacao` (`id`, `codigo`, `designacao`, `emailassociacao`, `id_contacto_id`, `id_licenca_id`) VALUES
	(1, '1234', 'ETRAGO', 'etrago@gmail.com', 1, 1),
	(2, '1578', 'NAGI', 'nagi@gmail.com', 2, 1),
	(3, '7380', 'TCO', 'tco@gmail.com', 3, 1);
/*!40000 ALTER TABLE `associacao` ENABLE KEYS */;

-- Dumping data for table sgv.cor: 11 rows
DELETE FROM `cor`;
/*!40000 ALTER TABLE `cor` DISABLE KEYS */;
INSERT INTO `cor` (`id`, `activo`, `data_actualizacao`, `data_apagado`, `data_criacao`, `codigo`, `designacao`, `actualizado_por_id`, `apagado_por_id`, `criado_por_id`) VALUES
	(1, b'1', '2023-07-10 21:37:13', NULL, '2023-07-10 21:37:13', ' #FFFFFF', 'branco', NULL, NULL, NULL),
	(2, b'1', '2023-07-10 21:37:13', NULL, '2023-07-10 21:37:13', '#FF0000', 'vermelho', NULL, NULL, NULL),
	(3, b'1', '2023-07-10 21:37:13', NULL, '2023-07-10 21:37:13', '#00FF00', 'verde', NULL, NULL, NULL),
	(4, b'1', '2023-07-10 21:37:14', NULL, '2023-07-10 21:37:13', '#0000FF', 'azul', NULL, NULL, NULL),
	(5, b'1', '2023-07-10 21:37:14', NULL, '2023-07-10 21:37:14', '#FFFF00', 'amarelo', NULL, NULL, NULL),
	(6, b'1', '2023-07-10 21:37:14', NULL, '2023-07-10 21:37:14', '#FFA500', 'laranja', NULL, NULL, NULL),
	(7, b'1', '2023-07-10 21:37:14', NULL, '2023-07-10 21:37:14', '#800080', 'roxo', NULL, NULL, NULL),
	(8, b'1', '2023-07-10 21:37:14', NULL, '2023-07-10 21:37:14', '#FFC0CB', 'rosa', NULL, NULL, NULL),
	(9, b'1', '2023-07-10 21:37:14', NULL, '2023-07-10 21:37:14', '#A52A2A', 'marrom', NULL, NULL, NULL),
	(10, b'1', '2023-07-10 21:37:14', NULL, '2023-07-10 21:37:14', '#000000', 'preto', NULL, NULL, NULL),
	(11, b'1', '2023-07-10 21:37:14', NULL, '2023-07-10 21:37:14', '#808080', 'cinza', NULL, NULL, NULL);
/*!40000 ALTER TABLE `cor` ENABLE KEYS */;

-- Dumping data for table sgv.distrito: 158 rows
DELETE FROM `distrito`;
/*!40000 ALTER TABLE `distrito` DISABLE KEYS */;
INSERT INTO `distrito` (`id`, `activo`, `data_actualizacao`, `data_apagado`, `data_criacao`, `codigo`, `designacao`, `actualizado_por_id`, `apagado_por_id`, `criado_por_id`, `id_provincia_id`) VALUES
	(1, b'1', '2019-12-15 00:00:00', '2019-12-15 00:00:00', '2019-12-15 00:00:00', '101', 'DISTRITO DE LICHINGA', 1, 0, 1, 1),
	(2, b'1', '2019-12-15 00:00:00', '2019-12-15 00:00:00', '2019-12-15 00:00:00', '102', 'CUAMBA', 1, 0, 1, 1),
	(3, b'1', '2019-12-15 00:00:00', '2019-12-15 00:00:00', '2019-12-15 00:00:00', '103', 'LAGO', 1, 0, 1, 1),
	(4, b'1', '2019-12-15 00:00:00', '2019-12-15 00:00:00', '2019-12-15 00:00:00', '104', 'CHIMBONILA', 1, 0, 1, 1),
	(5, b'1', '2019-12-15 00:00:00', '2019-12-15 00:00:00', '2019-12-15 00:00:00', '105', 'MAJUNE', 1, 0, 1, 1),
	(6, b'1', '2019-12-15 00:00:00', '2019-12-15 00:00:00', '2019-12-15 00:00:00', '106', 'MANDIMBA', 1, 0, 1, 1),
	(7, b'1', '2019-12-15 00:00:00', '2019-12-15 00:00:00', '2019-12-15 00:00:00', '107', 'MARRUPA', 1, 0, 1, 1),
	(8, b'1', '2019-12-15 00:00:00', '2019-12-15 00:00:00', '2019-12-15 00:00:00', '108', 'MA?A', 1, 0, 1, 1),
	(9, b'1', '2019-12-15 00:00:00', '2019-12-15 00:00:00', '2019-12-15 00:00:00', '109', 'MAVAGO', 1, 0, 1, 1),
	(10, b'1', '2019-12-15 00:00:00', '2019-12-15 00:00:00', '2019-12-15 00:00:00', '110', 'MECANHELAS', 1, 0, 1, 1),
	(11, b'1', '2019-12-15 00:00:00', '2019-12-15 00:00:00', '2019-12-15 00:00:00', '111', 'MECULA', 1, 0, 1, 1),
	(12, b'1', '2019-12-15 00:00:00', '2019-12-15 00:00:00', '2019-12-15 00:00:00', '112', 'METARICA', 1, 0, 1, 1),
	(13, b'1', '2019-12-15 00:00:00', '2019-12-15 00:00:00', '2019-12-15 00:00:00', '113', 'MUEMBE', 1, 0, 1, 1),
	(14, b'1', '2019-12-15 00:00:00', '2019-12-15 00:00:00', '2019-12-15 00:00:00', '114', 'NGA?MA', 1, 0, 1, 1),
	(15, b'1', '2019-12-15 00:00:00', '2019-12-15 00:00:00', '2019-12-15 00:00:00', '115', 'NIPEPE', 1, 0, 1, 1),
	(16, b'1', '2019-12-15 00:00:00', '2019-12-15 00:00:00', '2019-12-15 00:00:00', '116', 'SANGA', 1, 0, 1, 1),
	(17, b'1', '2019-12-15 00:00:00', '2019-12-15 00:00:00', '2019-12-15 00:00:00', '201', 'CIDADE DE PEMBA', 1, 0, 1, 2),
	(18, b'1', '2019-12-15 00:00:00', '2019-12-15 00:00:00', '2019-12-15 00:00:00', '202', 'ANCUABE', 1, 0, 1, 2),
	(19, b'1', '2019-12-15 00:00:00', '2019-12-15 00:00:00', '2019-12-15 00:00:00', '203', 'BALAMA', 1, 0, 1, 2),
	(20, b'1', '2019-12-15 00:00:00', '2019-12-15 00:00:00', '2019-12-15 00:00:00', '204', 'CHI?RE', 1, 0, 1, 2),
	(21, b'1', '2019-12-15 00:00:00', '2019-12-15 00:00:00', '2019-12-15 00:00:00', '205', 'IBO', 1, 0, 1, 2),
	(22, b'1', '2019-12-15 00:00:00', '2019-12-15 00:00:00', '2019-12-15 00:00:00', '206', 'MACOMIA', 1, 0, 1, 2),
	(23, b'1', '2019-12-15 00:00:00', '2019-12-15 00:00:00', '2019-12-15 00:00:00', '213', 'NAMUNO', 1, 0, 1, 2),
	(24, b'1', '2019-12-15 00:00:00', '2019-12-15 00:00:00', '2019-12-15 00:00:00', '207', 'MECUFI', 1, 0, 1, 2),
	(25, b'1', '2019-12-15 00:00:00', '2019-12-15 00:00:00', '2019-12-15 00:00:00', '208', 'MELUCO', 1, 0, 1, 2),
	(26, b'1', '2019-12-15 00:00:00', '2019-12-15 00:00:00', '2019-12-15 00:00:00', '209', 'MOC?MBOA DA PRAIA', 1, 0, 1, 2),
	(27, b'1', '2019-12-15 00:00:00', '2019-12-15 00:00:00', '2019-12-15 00:00:00', '210', 'MONTEPUEZ', 1, 0, 1, 2),
	(28, b'1', '2019-12-15 00:00:00', '2019-12-15 00:00:00', '2019-12-15 00:00:00', '211', 'MUEDA', 1, 0, 1, 2),
	(29, b'1', '2019-12-15 00:00:00', '2019-12-15 00:00:00', '2019-12-15 00:00:00', '212', 'MUIDUMBE', 1, 0, 1, 2),
	(30, b'1', '2019-12-15 00:00:00', '2019-12-15 00:00:00', '2019-12-15 00:00:00', '214', 'NANGADE', 1, 0, 1, 2),
	(31, b'1', '2019-12-15 00:00:00', '2019-12-15 00:00:00', '2019-12-15 00:00:00', '215', 'PALMA', 1, 0, 1, 2),
	(32, b'1', '2019-12-15 00:00:00', '2019-12-15 00:00:00', '2019-12-15 00:00:00', '216', 'METUGE', 1, 0, 1, 2),
	(33, b'1', '2019-12-15 00:00:00', '2019-12-15 00:00:00', '2019-12-15 00:00:00', '217', 'QUISSANGA', 1, 0, 1, 2),
	(34, b'1', '2019-12-15 00:00:00', '2019-12-15 00:00:00', '2019-12-15 00:00:00', '301', 'DISTRITO DE NAMPULA', 1, 0, 1, 3),
	(35, b'1', '2019-12-15 00:00:00', '2019-12-15 00:00:00', '2019-12-15 00:00:00', '302', 'NACALA-PORTO', 1, 0, 1, 3),
	(36, b'1', '2019-12-15 00:00:00', '2019-12-15 00:00:00', '2019-12-15 00:00:00', '303', 'ERATI', 1, 0, 1, 3),
	(37, b'1', '2019-12-15 00:00:00', '2019-12-15 00:00:00', '2019-12-15 00:00:00', '304', 'ILHA DE MO?AMBIQUE', 1, 0, 1, 3),
	(38, b'1', '2019-12-15 00:00:00', '2019-12-15 00:00:00', '2019-12-15 00:00:00', '305', 'LALAUA', 1, 0, 1, 3),
	(39, b'1', '2019-12-15 00:00:00', '2019-12-15 00:00:00', '2019-12-15 00:00:00', '306', 'MALEMA', 1, 0, 1, 3),
	(40, b'1', '2019-12-15 00:00:00', '2019-12-15 00:00:00', '2019-12-15 00:00:00', '307', 'MECONTA', 1, 0, 1, 3),
	(41, b'1', '2019-12-15 00:00:00', '2019-12-15 00:00:00', '2019-12-15 00:00:00', '308', 'MECUBURI', 1, 0, 1, 3),
	(42, b'1', '2019-12-15 00:00:00', '2019-12-15 00:00:00', '2019-12-15 00:00:00', '309', 'MEMBA', 1, 0, 1, 3),
	(43, b'1', '2019-12-15 00:00:00', '2019-12-15 00:00:00', '2019-12-15 00:00:00', '313', 'MONAPO', 1, 0, 1, 3),
	(44, b'1', '2019-12-15 00:00:00', '2019-12-15 00:00:00', '2019-12-15 00:00:00', '310', 'MOGINCUAL', 1, 0, 1, 3),
	(45, b'1', '2019-12-15 00:00:00', '2019-12-15 00:00:00', '2019-12-15 00:00:00', '311', 'MOGOVOLAS', 1, 0, 1, 3),
	(46, b'1', '2019-12-15 00:00:00', '2019-12-15 00:00:00', '2019-12-15 00:00:00', '312', 'MOMA', 1, 0, 1, 3),
	(47, b'1', '2019-12-15 00:00:00', '2019-12-15 00:00:00', '2019-12-15 00:00:00', '314', 'MOSSURIL', 1, 0, 1, 3),
	(48, b'1', '2019-12-15 00:00:00', '2019-12-15 00:00:00', '2019-12-15 00:00:00', '315', 'MUECATE', 1, 0, 1, 3),
	(49, b'1', '2019-12-15 00:00:00', '2019-12-15 00:00:00', '2019-12-15 00:00:00', '316', 'MURRUPULA', 1, 0, 1, 3),
	(50, b'1', '2019-12-15 00:00:00', '2019-12-15 00:00:00', '2019-12-15 00:00:00', '318', 'NACALA-A-VELHA', 1, 0, 1, 3),
	(51, b'1', '2019-12-15 00:00:00', '2019-12-15 00:00:00', '2019-12-15 00:00:00', '319', 'NACAROA', 1, 0, 1, 3),
	(52, b'1', '2019-12-15 00:00:00', '2019-12-15 00:00:00', '2019-12-15 00:00:00', '320', 'RAPALE', 1, 0, 1, 3),
	(53, b'1', '2019-12-15 00:00:00', '2019-12-15 00:00:00', '2019-12-15 00:00:00', '321', 'RIBAUE', 1, 0, 1, 3),
	(54, b'1', '2019-12-15 00:00:00', '2019-12-15 00:00:00', '2019-12-15 00:00:00', '322', 'LARDE', 1, 0, 1, 3),
	(55, b'1', '2019-12-15 00:00:00', '2019-12-15 00:00:00', '2019-12-15 00:00:00', '323', 'LIUPO', 1, 0, 1, 3),
	(56, b'1', '2019-12-15 00:00:00', '2019-12-15 00:00:00', '2019-12-15 00:00:00', '401', 'CIDADE DE QUELIMANE', 1, 0, 1, 4),
	(57, b'1', '2019-12-15 00:00:00', '2019-12-15 00:00:00', '2019-12-15 00:00:00', '402', 'ALTO MOL?CU?', 1, 0, 1, 4),
	(58, b'1', '2019-12-15 00:00:00', '2019-12-15 00:00:00', '2019-12-15 00:00:00', '403', 'CHINDE', 1, 0, 1, 4),
	(59, b'1', '2019-12-15 00:00:00', '2019-12-15 00:00:00', '2019-12-15 00:00:00', '404', 'GIL?', 1, 0, 1, 4),
	(60, b'1', '2019-12-15 00:00:00', '2019-12-15 00:00:00', '2019-12-15 00:00:00', '405', 'GURU?', 1, 0, 1, 4),
	(61, b'1', '2019-12-15 00:00:00', '2019-12-15 00:00:00', '2019-12-15 00:00:00', '406', 'ILE', 1, 0, 1, 4),
	(62, b'1', '2019-12-15 00:00:00', '2019-12-15 00:00:00', '2019-12-15 00:00:00', '407', 'INHASSUNGE', 1, 0, 1, 4),
	(63, b'1', '2019-12-15 00:00:00', '2019-12-15 00:00:00', '2019-12-15 00:00:00', '408', 'LUGELA', 1, 0, 1, 4),
	(64, b'1', '2019-12-15 00:00:00', '2019-12-15 00:00:00', '2019-12-15 00:00:00', '409', 'MAGANJA DA COSTA', 1, 0, 1, 4),
	(65, b'1', '2019-12-15 00:00:00', '2019-12-15 00:00:00', '2019-12-15 00:00:00', '410', 'MILANGE', 1, 0, 1, 4),
	(66, b'1', '2019-12-15 00:00:00', '2019-12-15 00:00:00', '2019-12-15 00:00:00', '411', 'MOCUBA', 1, 0, 1, 4),
	(67, b'1', '2019-12-15 00:00:00', '2019-12-15 00:00:00', '2019-12-15 00:00:00', '412', 'MOPEIA', 1, 0, 1, 4),
	(68, b'1', '2019-12-15 00:00:00', '2019-12-15 00:00:00', '2019-12-15 00:00:00', '414', 'MORRUMBALA', 1, 0, 1, 4),
	(69, b'1', '2019-12-15 00:00:00', '2019-12-15 00:00:00', '2019-12-15 00:00:00', '415', 'NAMARROI', 1, 0, 1, 4),
	(70, b'1', '2019-12-15 00:00:00', '2019-12-15 00:00:00', '2019-12-15 00:00:00', '416', 'NICOADALA', 1, 0, 1, 4),
	(71, b'1', '2019-12-15 00:00:00', '2019-12-15 00:00:00', '2019-12-15 00:00:00', '417', 'PEBANE', 1, 0, 1, 4),
	(72, b'1', '2019-12-15 00:00:00', '2019-12-15 00:00:00', '2019-12-15 00:00:00', '418', 'DERRE', 1, 0, 1, 4),
	(73, b'1', '2019-12-15 00:00:00', '2019-12-15 00:00:00', '2019-12-15 00:00:00', '419', 'LUABO', 1, 0, 1, 4),
	(74, b'1', '2019-12-15 00:00:00', '2019-12-15 00:00:00', '2019-12-15 00:00:00', '420', 'MOCUBELA', 1, 0, 1, 4),
	(75, b'1', '2019-12-15 00:00:00', '2019-12-15 00:00:00', '2019-12-15 00:00:00', '421', 'MOLUMBO', 1, 0, 1, 4),
	(76, b'1', '2019-12-15 00:00:00', '2019-12-15 00:00:00', '2019-12-15 00:00:00', '422', 'MULEVALA', 1, 0, 1, 4),
	(77, b'1', '2019-12-15 00:00:00', '2019-12-15 00:00:00', '2019-12-15 00:00:00', '501', 'CIDADE DE TETE', 1, 0, 1, 5),
	(78, b'1', '2019-12-15 00:00:00', '2019-12-15 00:00:00', '2019-12-15 00:00:00', '502', 'ANG?NIA', 1, 0, 1, 5),
	(79, b'1', '2019-12-15 00:00:00', '2019-12-15 00:00:00', '2019-12-15 00:00:00', '503', 'CAHORA BASSA', 1, 0, 1, 5),
	(80, b'1', '2019-12-15 00:00:00', '2019-12-15 00:00:00', '2019-12-15 00:00:00', '504', 'CHANGARA', 1, 0, 1, 5),
	(81, b'1', '2019-12-15 00:00:00', '2019-12-15 00:00:00', '2019-12-15 00:00:00', '505', 'CHIFUNDE', 1, 0, 1, 5),
	(82, b'1', '2019-12-15 00:00:00', '2019-12-15 00:00:00', '2019-12-15 00:00:00', '506', 'CHIUTA', 1, 0, 1, 5),
	(83, b'1', '2019-12-15 00:00:00', '2019-12-15 00:00:00', '2019-12-15 00:00:00', '507', 'MACANGA', 1, 0, 1, 5),
	(84, b'1', '2019-12-15 00:00:00', '2019-12-15 00:00:00', '2019-12-15 00:00:00', '508', 'M?GO?', 1, 0, 1, 5),
	(85, b'1', '2019-12-15 00:00:00', '2019-12-15 00:00:00', '2019-12-15 00:00:00', '509', 'MAR?VIA', 1, 0, 1, 5),
	(86, b'1', '2019-12-15 00:00:00', '2019-12-15 00:00:00', '2019-12-15 00:00:00', '510', 'MOATIZE', 1, 0, 1, 5),
	(87, b'1', '2019-12-15 00:00:00', '2019-12-15 00:00:00', '2019-12-15 00:00:00', '511', 'MUTARARA', 1, 0, 1, 5),
	(88, b'1', '2019-12-15 00:00:00', '2019-12-15 00:00:00', '2019-12-15 00:00:00', '512', 'TSANGANO', 1, 0, 1, 5),
	(89, b'1', '2019-12-15 00:00:00', '2019-12-15 00:00:00', '2019-12-15 00:00:00', '513', 'ZUMBO', 1, 0, 1, 5),
	(90, b'1', '2019-12-15 00:00:00', '2019-12-15 00:00:00', '2019-12-15 00:00:00', '514', 'DOA', 1, 0, 1, 5),
	(91, b'1', '2019-12-15 00:00:00', '2019-12-15 00:00:00', '2019-12-15 00:00:00', '515', 'MARARA', 1, 0, 1, 5),
	(92, b'1', '2019-12-15 00:00:00', '2019-12-15 00:00:00', '2019-12-15 00:00:00', '601', 'CIDADE DE CHIMOIO', 1, 0, 1, 6),
	(93, b'1', '2019-12-15 00:00:00', '2019-12-15 00:00:00', '2019-12-15 00:00:00', '602', 'B?RUE', 1, 0, 1, 6),
	(94, b'1', '2019-12-15 00:00:00', '2019-12-15 00:00:00', '2019-12-15 00:00:00', '603', 'GONDOLA', 1, 0, 1, 6),
	(95, b'1', '2019-12-15 00:00:00', '2019-12-15 00:00:00', '2019-12-15 00:00:00', '604', 'GURO', 1, 0, 1, 6),
	(96, b'1', '2019-12-15 00:00:00', '2019-12-15 00:00:00', '2019-12-15 00:00:00', '605', 'MACHAZE', 1, 0, 1, 6),
	(97, b'1', '2019-12-15 00:00:00', '2019-12-15 00:00:00', '2019-12-15 00:00:00', '606', 'MACOSSA', 1, 0, 1, 6),
	(98, b'1', '2019-12-15 00:00:00', '2019-12-15 00:00:00', '2019-12-15 00:00:00', '607', 'MANICA', 1, 0, 1, 6),
	(99, b'1', '2019-12-15 00:00:00', '2019-12-15 00:00:00', '2019-12-15 00:00:00', '608', 'MOSSURIZE', 1, 0, 1, 6),
	(100, b'1', '2019-12-15 00:00:00', '2019-12-15 00:00:00', '2019-12-15 00:00:00', '609', 'SUSSUNDENGA', 1, 0, 1, 6),
	(101, b'1', '2019-12-15 00:00:00', '2019-12-15 00:00:00', '2019-12-15 00:00:00', '610', 'TAMBARA', 1, 0, 1, 6),
	(102, b'1', '2019-12-15 00:00:00', '2019-12-15 00:00:00', '2019-12-15 00:00:00', '611', 'VANDUZI', 1, 0, 1, 6),
	(103, b'1', '2019-12-15 00:00:00', '2019-12-15 00:00:00', '2019-12-15 00:00:00', '612', 'MACATE', 1, 0, 1, 6),
	(104, b'1', '2019-12-15 00:00:00', '2019-12-15 00:00:00', '2019-12-15 00:00:00', '701', 'CIDADE DA BEIRA', 1, 0, 1, 7),
	(105, b'1', '2019-12-15 00:00:00', '2019-12-15 00:00:00', '2019-12-15 00:00:00', '702', 'B?ZI', 1, 0, 1, 7),
	(106, b'1', '2019-12-15 00:00:00', '2019-12-15 00:00:00', '2019-12-15 00:00:00', '703', 'CAIA', 1, 0, 1, 7),
	(107, b'1', '2019-12-15 00:00:00', '2019-12-15 00:00:00', '2019-12-15 00:00:00', '704', 'NHAMATANDA', 1, 0, 1, 7),
	(108, b'1', '2019-12-15 00:00:00', '2019-12-15 00:00:00', '2019-12-15 00:00:00', '705', 'CHERINGOMA', 1, 0, 1, 7),
	(109, b'1', '2019-12-15 00:00:00', '2019-12-15 00:00:00', '2019-12-15 00:00:00', '706', 'CHIBABAVA', 1, 0, 1, 7),
	(110, b'1', '2019-12-15 00:00:00', '2019-12-15 00:00:00', '2019-12-15 00:00:00', '707', 'DONDO', 1, 0, 1, 7),
	(111, b'1', '2019-12-15 00:00:00', '2019-12-15 00:00:00', '2019-12-15 00:00:00', '708', 'GORONGOSA', 1, 0, 1, 7),
	(112, b'1', '2019-12-15 00:00:00', '2019-12-15 00:00:00', '2019-12-15 00:00:00', '709', 'MACHANGA', 1, 0, 1, 7),
	(113, b'1', '2019-12-15 00:00:00', '2019-12-15 00:00:00', '2019-12-15 00:00:00', '710', 'MAR?NGUE', 1, 0, 1, 7),
	(114, b'1', '2019-12-15 00:00:00', '2019-12-15 00:00:00', '2019-12-15 00:00:00', '711', 'MARROMEU', 1, 0, 1, 7),
	(115, b'1', '2019-12-15 00:00:00', '2019-12-15 00:00:00', '2019-12-15 00:00:00', '712', 'MUANZA', 1, 0, 1, 7),
	(116, b'1', '2019-12-15 00:00:00', '2019-12-15 00:00:00', '2019-12-15 00:00:00', '801', 'INHAMBANE', 1, 0, 1, 8),
	(117, b'1', '2019-12-15 00:00:00', '2019-12-15 00:00:00', '2019-12-15 00:00:00', '802', 'FUNHALOURO', 1, 0, 1, 8),
	(118, b'1', '2019-12-15 00:00:00', '2019-12-15 00:00:00', '2019-12-15 00:00:00', '803', 'GOVURO', 1, 0, 1, 8),
	(119, b'1', '2019-12-15 00:00:00', '2019-12-15 00:00:00', '2019-12-15 00:00:00', '804', 'HOMOINE', 1, 0, 1, 8),
	(120, b'1', '2019-12-15 00:00:00', '2019-12-15 00:00:00', '2019-12-15 00:00:00', '805', 'INHARRIME', 1, 0, 1, 8),
	(121, b'1', '2019-12-15 00:00:00', '2019-12-15 00:00:00', '2019-12-15 00:00:00', '806', 'INHASSORO', 1, 0, 1, 8),
	(122, b'1', '2019-12-15 00:00:00', '2019-12-15 00:00:00', '2019-12-15 00:00:00', '807', 'JANGAMO', 1, 0, 1, 8),
	(123, b'1', '2019-12-15 00:00:00', '2019-12-15 00:00:00', '2019-12-15 00:00:00', '808', 'MABOTE', 1, 0, 1, 8),
	(124, b'1', '2019-12-15 00:00:00', '2019-12-15 00:00:00', '2019-12-15 00:00:00', '809', 'MASSINGA', 1, 0, 1, 8),
	(125, b'1', '2019-12-15 00:00:00', '2019-12-15 00:00:00', '2019-12-15 00:00:00', '810', 'MAXIXE', 1, 0, 1, 8),
	(126, b'1', '2019-12-15 00:00:00', '2019-12-15 00:00:00', '2019-12-15 00:00:00', '811', 'MORRUMBENE', 1, 0, 1, 8),
	(127, b'1', '2019-12-15 00:00:00', '2019-12-15 00:00:00', '2019-12-15 00:00:00', '812', 'PANDA', 1, 0, 1, 8),
	(128, b'1', '2019-12-15 00:00:00', '2019-12-15 00:00:00', '2019-12-15 00:00:00', '813', 'VILANKULOS', 1, 0, 1, 8),
	(129, b'1', '2019-12-15 00:00:00', '2019-12-15 00:00:00', '2019-12-15 00:00:00', '814', 'ZAVALA', 1, 0, 1, 8),
	(130, b'1', '2019-12-15 00:00:00', '2019-12-15 00:00:00', '2019-12-15 00:00:00', '901', 'CIDADE DE XAI-XAI', 1, 0, 1, 9),
	(131, b'1', '2019-12-15 00:00:00', '2019-12-15 00:00:00', '2019-12-15 00:00:00', '902', 'BILENE', 1, 0, 1, 9),
	(132, b'1', '2019-12-15 00:00:00', '2019-12-15 00:00:00', '2019-12-15 00:00:00', '903', 'CHIBUTO', 1, 0, 1, 9),
	(133, b'1', '2019-12-15 00:00:00', '2019-12-15 00:00:00', '2019-12-15 00:00:00', '904', 'CHICUALACUALA', 1, 0, 1, 9),
	(134, b'1', '2019-12-15 00:00:00', '2019-12-15 00:00:00', '2019-12-15 00:00:00', '905', 'CHIGUBO', 1, 0, 1, 9),
	(135, b'1', '2019-12-15 00:00:00', '2019-12-15 00:00:00', '2019-12-15 00:00:00', '906', 'CHOKW?', 1, 0, 1, 9),
	(136, b'1', '2019-12-15 00:00:00', '2019-12-15 00:00:00', '2019-12-15 00:00:00', '907', 'GUIJ?', 1, 0, 1, 9),
	(137, b'1', '2019-12-15 00:00:00', '2019-12-15 00:00:00', '2019-12-15 00:00:00', '908', 'MABALANE', 1, 0, 1, 9),
	(138, b'1', '2019-12-15 00:00:00', '2019-12-15 00:00:00', '2019-12-15 00:00:00', '909', 'CHONGOENE', 1, 0, 1, 9),
	(139, b'1', '2019-12-15 00:00:00', '2019-12-15 00:00:00', '2019-12-15 00:00:00', '910', 'MASSANGENA', 1, 0, 1, 9),
	(140, b'1', '2019-12-15 00:00:00', '2019-12-15 00:00:00', '2019-12-15 00:00:00', '911', 'MASSINGIR', 1, 0, 1, 9),
	(141, b'1', '2019-12-15 00:00:00', '2019-12-15 00:00:00', '2019-12-15 00:00:00', '912', 'LIMPOPO', 1, 0, 1, 9),
	(142, b'1', '2019-12-15 00:00:00', '2019-12-15 00:00:00', '2019-12-15 00:00:00', '918', 'MAPAI', 1, 0, 1, 9),
	(143, b'1', '2019-12-15 00:00:00', '2019-12-15 00:00:00', '2019-12-15 00:00:00', '1001', 'MAPUTO PROVINCIA', 1, 0, 1, 10),
	(144, b'1', '2019-12-15 00:00:00', '2019-12-15 00:00:00', '2019-12-15 00:00:00', '1002', 'BOANE', 1, 0, 1, 10),
	(145, b'1', '2019-12-15 00:00:00', '2019-12-15 00:00:00', '2019-12-15 00:00:00', '1003', 'MAGUDE', 1, 0, 1, 10),
	(146, b'1', '2019-12-15 00:00:00', '2019-12-15 00:00:00', '2019-12-15 00:00:00', '1004', 'MANHI?A', 1, 0, 1, 10),
	(147, b'1', '2019-12-15 00:00:00', '2019-12-15 00:00:00', '2019-12-15 00:00:00', '1005', 'MARRACUENE', 1, 0, 1, 10),
	(148, b'1', '2019-12-15 00:00:00', '2019-12-15 00:00:00', '2019-12-15 00:00:00', '1006', 'MATUTU?NE', 1, 0, 1, 10),
	(149, b'1', '2019-12-15 00:00:00', '2019-12-15 00:00:00', '2019-12-15 00:00:00', '1007', 'MOAMBA', 1, 0, 1, 10),
	(150, b'1', '2019-12-15 00:00:00', '2019-12-15 00:00:00', '2019-12-15 00:00:00', '1008', 'NAMAACHA', 1, 0, 1, 10),
	(151, b'1', '2019-12-15 00:00:00', '2019-12-15 00:00:00', '2019-12-15 00:00:00', '1090', 'MANDLAKAZI', 1, 0, 1, 10),
	(152, b'1', '2019-12-15 00:00:00', '2019-12-15 00:00:00', '2019-12-15 00:00:00', '1101', 'DISTRITO MUNICIAL KAMPFUMO', 1, 0, 1, 11),
	(153, b'1', '2019-12-15 00:00:00', '2019-12-15 00:00:00', '2019-12-15 00:00:00', '1102', 'DISTRITO MUNICIAL KANHLAMANKULO', 1, 0, 1, 11),
	(154, b'1', '2019-12-15 00:00:00', '2019-12-15 00:00:00', '2019-12-15 00:00:00', '1103', 'DISTRITO MUNICIAL KAMAXAQUENI', 1, 0, 1, 11),
	(155, b'1', '2019-12-15 00:00:00', '2019-12-15 00:00:00', '2019-12-15 00:00:00', '1104', 'DISTRITO MUNICIAL KAMAVOTA', 1, 0, 1, 11),
	(156, b'1', '2019-12-15 00:00:00', '2019-12-15 00:00:00', '2019-12-15 00:00:00', '1105', 'DISTRITO MUNICIPAL KAMUBUKWANA', 1, 0, 1, 11),
	(157, b'1', '2019-12-15 00:00:00', '2019-12-15 00:00:00', '2019-12-15 00:00:00', '1106', 'DISTRITO MUNICIAL KATEMBE', 1, 0, 1, 11),
	(158, b'1', '2019-12-15 00:00:00', '2019-12-15 00:00:00', '2019-12-15 00:00:00', '1107', 'DISTRITO MUNICIAL KANYAKA', 1, 0, 1, 11);
/*!40000 ALTER TABLE `distrito` ENABLE KEYS */;

-- Dumping data for table sgv.genero: 2 rows
DELETE FROM `genero`;
/*!40000 ALTER TABLE `genero` DISABLE KEYS */;
INSERT INTO `genero` (`id`, `activo`, `data_actualizacao`, `data_apagado`, `data_criacao`, `designacao`, `gen`, `actualizado_por_id`, `apagado_por_id`, `criado_por_id`) VALUES
	(1, b'1', '2023-07-10 21:37:13', NULL, '2023-07-10 21:37:13', 'Masculino', 'M', NULL, NULL, NULL),
	(2, b'1', '2023-07-10 21:37:13', NULL, '2023-07-10 21:37:13', 'Feminino', 'F', NULL, NULL, NULL);
/*!40000 ALTER TABLE `genero` ENABLE KEYS */;

-- Dumping data for table sgv.marca: 6 rows
DELETE FROM `marca`;
/*!40000 ALTER TABLE `marca` DISABLE KEYS */;
INSERT INTO `marca` (`id`, `codigo`, `designacao`) VALUES
	(1, '001', 'Toyota'),
	(2, '002', 'Ford'),
	(3, '003', 'Chevrolet'),
	(4, '005', 'BMW'),
	(5, '004', 'Honda'),
	(6, '006', 'Mitsubishi');
/*!40000 ALTER TABLE `marca` ENABLE KEYS */;

-- Dumping data for table sgv.marca_modelo: 13 rows
DELETE FROM `marca_modelo`;
/*!40000 ALTER TABLE `marca_modelo` DISABLE KEYS */;
INSERT INTO `marca_modelo` (`id`, `codigo`, `marca_id`, `modelo_id`) VALUES
	(1, NULL, 1, 1),
	(2, NULL, 2, 2),
	(3, NULL, 3, 3),
	(4, NULL, 3, 4),
	(5, NULL, 4, 5),
	(6, NULL, 4, 6),
	(7, NULL, 1, 7),
	(8, NULL, 1, 8),
	(9, NULL, 1, 9),
	(10, NULL, 1, 10),
	(11, NULL, 5, 11),
	(12, NULL, 6, 12),
	(13, NULL, 6, 13);
/*!40000 ALTER TABLE `marca_modelo` ENABLE KEYS */;

-- Dumping data for table sgv.modelo: 13 rows
DELETE FROM `modelo`;
/*!40000 ALTER TABLE `modelo` DISABLE KEYS */;
INSERT INTO `modelo` (`id`, `codigo`, `designacao`) VALUES
	(1, '001', 'hilux'),
	(2, '002', 'Mustang'),
	(3, '003', 'Camaro'),
	(4, '004', 'Corvette'),
	(5, '005', 'Série 3'),
	(6, '006', 'Série 5'),
	(7, '001', 'Corolla'),
	(8, '002', 'RAV4'),
	(9, '003', 'Hiace'),
	(10, '001', 'Coaster'),
	(11, '002', 'Odyssey'),
	(12, '003', 'Rosa'),
	(13, '004', 'Canter');
/*!40000 ALTER TABLE `modelo` ENABLE KEYS */;

-- Dumping data for table sgv.nivel_acesso: 0 rows
DELETE FROM `nivel_acesso`;
/*!40000 ALTER TABLE `nivel_acesso` DISABLE KEYS */;
/*!40000 ALTER TABLE `nivel_acesso` ENABLE KEYS */;

-- Dumping data for table sgv.provincia: 11 rows
DELETE FROM `provincia`;
/*!40000 ALTER TABLE `provincia` DISABLE KEYS */;
INSERT INTO `provincia` (`id`, `activo`, `data_actualizacao`, `data_apagado`, `data_criacao`, `codigo`, `designacao`, `sigla`, `actualizado_por_id`, `apagado_por_id`, `criado_por_id`, `id_zona_regional_id`) VALUES
	(1, b'1', '2023-06-30 15:04:00', '2023-06-30 15:04:00', '2023-06-30 15:04:00', '1', 'Niassa', 'NIA', 0, 0, 0, 1),
	(2, b'1', '2023-06-30 15:04:00', '2023-06-30 15:04:00', '2023-06-30 15:04:00', '2', 'Cabo Delgado', 'CDL ', 0, 0, 0, 1),
	(3, b'1', '2023-06-30 15:04:00', '2023-06-30 15:04:00', '2023-06-30 15:04:00', '3', 'Nampula', 'NPL', 0, 0, 0, 1),
	(4, b'1', '2023-06-30 15:04:00', '2023-06-30 15:04:00', '2023-06-30 15:04:00', '4', 'Zambezia', 'ZAM', 0, 0, 0, 2),
	(5, b'1', '2023-06-30 15:04:00', '2023-06-30 15:04:00', '2023-06-30 15:04:00', '5', 'Tete', 'TET', 0, 0, 0, 2),
	(6, b'1', '2023-06-30 15:04:00', '2023-06-30 15:04:00', '2023-06-30 15:04:00', '6', 'Manica', 'MAN', 0, 0, 0, 2),
	(7, b'1', '2023-06-30 15:04:00', '2023-06-30 15:04:00', '2023-06-30 15:04:00', '7', 'Sofala', 'SOF ', 0, 0, 0, 2),
	(8, b'1', '2023-06-30 15:04:00', '2023-06-30 15:04:00', '2023-06-30 15:04:00', '8', 'Inhambane', 'INH', 0, 0, 0, 3),
	(9, b'1', '2023-06-30 15:04:00', '2023-06-30 15:04:00', '2023-06-30 15:04:00', '9', 'Gaza', 'GZA', 0, 0, 0, 3),
	(10, b'1', '2023-06-30 15:04:00', '2023-06-30 15:04:00', '2023-06-30 15:04:00', '10', 'Maputo Provincia', ' MPT', 0, 0, 0, 3),
	(11, b'1', '2023-06-30 15:04:00', '2023-06-30 15:04:00', '2023-06-30 15:04:00', '11', 'Maputo Cidade', 'MPC', 0, 0, 0, 3);
/*!40000 ALTER TABLE `provincia` ENABLE KEYS */;

-- Dumping data for table sgv.rota: 9 rows
DELETE FROM `rota`;
/*!40000 ALTER TABLE `rota` DISABLE KEYS */;
INSERT INTO `rota` (`id`, `activo`, `data_actualizacao`, `data_apagado`, `data_criacao`, `codigo`, `distancia`, `nomerota`, `preco`, `actualizado_por_id`, `apagado_por_id`, `criado_por_id`) VALUES
	(1, b'1', '2023-07-10 21:37:13', NULL, '2023-07-10 21:37:13', '001', 150, 'Maputo-Gaza', 500, NULL, NULL, NULL),
	(2, b'1', '2023-07-10 21:37:13', NULL, '2023-07-10 21:37:13', '002', 400, 'Maputo-Inhambane', 800, NULL, NULL, NULL),
	(3, b'1', '2023-07-10 21:37:13', NULL, '2023-07-10 21:37:13', '003', 800, 'Maputo-Beira', 1500, NULL, NULL, NULL),
	(4, b'1', '2023-07-10 21:37:13', NULL, '2023-07-10 21:37:13', '003', 810, 'Maputo-Zambezia', 2000, NULL, NULL, NULL),
	(5, b'1', '2023-07-10 21:37:13', NULL, '2023-07-10 21:37:13', '004', 849, 'Maputo-Tete', 2050, NULL, NULL, NULL),
	(6, b'1', '2023-07-10 21:37:13', NULL, '2023-07-10 21:37:13', '005', 900, 'Maputo-Manica', 2500, NULL, NULL, NULL),
	(7, b'1', '2023-07-10 21:37:13', NULL, '2023-07-10 21:37:13', '006', 870, 'Maputo-Nampula', 3000, NULL, NULL, NULL),
	(8, b'1', '2023-07-10 21:37:13', NULL, '2023-07-10 21:37:13', '007', 890, 'Maputo-Cabo-Delegado', 2900, NULL, NULL, NULL),
	(9, b'1', '2023-07-10 21:37:13', NULL, '2023-07-10 21:37:13', '008', 900, 'Maputo-Niassa', 5000, NULL, NULL, NULL);
/*!40000 ALTER TABLE `rota` ENABLE KEYS */;

-- Dumping data for table sgv.tipop_licenca: 2 rows
DELETE FROM `tipop_licenca`;
/*!40000 ALTER TABLE `tipop_licenca` DISABLE KEYS */;
INSERT INTO `tipop_licenca` (`id`, `activo`, `data_actualizacao`, `data_apagado`, `data_criacao`, `abreviatura`, `codigo`, `designacao`, `actualizado_por_id`, `apagado_por_id`, `criado_por_id`) VALUES
	(1, b'1', '2023-07-10 21:37:13', NULL, '2023-07-10 21:37:13', 'tr', '001', 'transporte', NULL, NULL, NULL),
	(2, b'1', '2023-07-10 21:37:13', NULL, '2023-07-10 21:37:13', 'cl', '002', 'comercial', NULL, NULL, NULL);
/*!40000 ALTER TABLE `tipop_licenca` ENABLE KEYS */;

-- Dumping data for table sgv.tipo_documento_identificacao: 8 rows
DELETE FROM `tipo_documento_identificacao`;
/*!40000 ALTER TABLE `tipo_documento_identificacao` DISABLE KEYS */;
INSERT INTO `tipo_documento_identificacao` (`id`, `abreviatura`, `codigo`, `designacao`) VALUES
	(1, 'BI', '002', 'Bilhete de identidade'),
	(2, 'CC', '003', 'Carta de conducao'),
	(3, 'CE', '004', 'Cartao de eleitor'),
	(4, 'Ced', '005', 'Cedula'),
	(5, 'BN', '006', 'Bolentim de nascimento'),
	(6, 'Ass', '007', 'Assento'),
	(7, 'Pass', '008', 'Passaporte'),
	(8, 'DIRE', '009', 'Documento de identificacao e residencia para estrangeiro');
/*!40000 ALTER TABLE `tipo_documento_identificacao` ENABLE KEYS */;

-- Dumping data for table sgv.tipo_proprietario: 2 rows
DELETE FROM `tipo_proprietario`;
/*!40000 ALTER TABLE `tipo_proprietario` DISABLE KEYS */;
INSERT INTO `tipo_proprietario` (`id`, `codigo`, `designacao`) VALUES
	(1, '0112', 'Proprietario'),
	(2, '0113', 'Empresa');
/*!40000 ALTER TABLE `tipo_proprietario` ENABLE KEYS */;

-- Dumping data for table sgv.tipo_viactura: 0 rows
DELETE FROM `tipo_viactura`;
/*!40000 ALTER TABLE `tipo_viactura` DISABLE KEYS */;
/*!40000 ALTER TABLE `tipo_viactura` ENABLE KEYS */;

-- Dumping data for table sgv.zona_regional: 3 rows
DELETE FROM `zona_regional`;
/*!40000 ALTER TABLE `zona_regional` DISABLE KEYS */;
INSERT INTO `zona_regional` (`id`, `activo`, `data_actualizacao`, `data_apagado`, `data_criacao`, `designacao`, `actualizado_por_id`, `apagado_por_id`, `criado_por_id`) VALUES
	(1, b'1', '2023-06-30 15:04:00', '2023-06-30 15:04:00', '2023-06-30 15:04:00', 'Zona norte', 0, 0, 0),
	(2, b'1', '2023-06-30 15:04:00', '2023-06-30 15:04:00', '2023-06-30 15:04:00', 'Zona centro', 0, 0, 0),
	(3, b'1', '2023-06-30 15:04:00', '2023-06-30 15:04:00', '2023-06-30 15:04:00', 'Zona Sul', 0, 0, 0);
/*!40000 ALTER TABLE `zona_regional` ENABLE KEYS */;

/*!40103 SET TIME_ZONE=IFNULL(@OLD_TIME_ZONE, 'system') */;
/*!40101 SET SQL_MODE=IFNULL(@OLD_SQL_MODE, '') */;
/*!40014 SET FOREIGN_KEY_CHECKS=IFNULL(@OLD_FOREIGN_KEY_CHECKS, 1) */;
/*!40101 SET CHARACTER_SET_CLIENT=@OLD_CHARACTER_SET_CLIENT */;
/*!40111 SET SQL_NOTES=IFNULL(@OLD_SQL_NOTES, 1) */;
